Tweet_id,User_name,Screen_name,Tweet_text,Language,Hashtags,Created_at,Search_keyword
1860719438225375240,Quality Stocks,Quality_stocksA,"üá©üá∞ Novo Nordisk $NVO one pager

üèÜ Score 7.9/10
üéØ My fair price is around 770DKK

üêÇ Bull case
- Incredible profitability
- Diabete and obesity tailwind
- Good balance sheet for further investments (pipeline, acquisition)

üêª Bear case
- Strenghtening competition
- Lower 2025 https://t.co/zCNntnabhf",en,[],2024-11-24 16:17:39+00:00,Novo Nordisk
1634584989638725632,The Investing for Beginners Podcast,IFB_podcast,"1/37 Today's shallow dive focuses on $NVO Novo Nordisk, the global leader in diabetes with a market share of 31%+.

We will look at the biz model, moat, capital allocation, mgmt, and valuation.

Cool money stuff from @stratosphere_io and commentary from mgmt @Quartr_App

üßµ https://t.co/vLTJiN8GFb",en,[],2023-03-11 16:00:05+00:00,Novo Nordisk
1862458532416590198,Oliver | MMMT Wealth (CPA),MMMTwealth,"2. Novo Nordisk | $NOVO üá©üá∞

Revenue growth: 26%
EV/Sales: 12.13x
EV/FCF: 42.21x

$NOVO is down 20% in the last 6 months on GLP-1 concerns, and supply chain issues. For me, these are all short term issues that will get resolved. I still think on a multiple basis, it's not that https://t.co/oAgQHY0m2f",en,[],2024-11-29 11:28:11+00:00,Novo Nordisk
1862578552488509669,Buck Parish,flatbush711,"Just another Scam from the Dirty Communist Bastards

Eli Lilly and Novo Nordisk shares rose Tuesday after the Biden administration proposed expanding coverage of the companies' popular weight-loss drugs in government-backed healthcare plans including Medicare and Medicaid. https://t.co/uK7XfgnF6R",en,[],2024-11-29 19:25:06+00:00,Novo Nordisk
1854236893749325830,Trung Phan,TrungTPhan,when you realize Ozempic maker Novo Nordisk ($470B) has almost exact same market cap as Coca-Cola and McDonald‚Äôs combined ($485B) https://t.co/1sSMf5m0gg,en,[],2024-11-06 18:58:20+00:00,Novo Nordisk
1846608289884524977,Camus,newstart_2024,"Robert F. Kennedy Jr.: ""Today, over 100 members of Congress support a bill to fund Ozempic with Medicare at $1,500 a month. Most of these members have taken money from the manufacturer of that product, a European company called Novo Nordisk. As everyone knows, once a drug is https://t.co/qrken4yM75",en,[],2024-10-16 17:44:59+00:00,Novo Nordisk
1838622287693754827,unusual_whales,unusual_whales,"Bernie Sanders just quoted Elon Musk in the $NVO Novo Nordisk hearing:

""When we talk about differing political views, Elon Musk, not one of my great political allies, said on Twitter 

'Solving obesity greatly reduces risk of other diseases...' 

Mr. Musk is right."" https://t.co/fFeU06pErZ",en,[],2024-09-24 16:51:27+00:00,Novo Nordisk
1854252998840680765,App Economy Insights,EconomyApp,"$NVO Novo Nordisk Q3 FY24

Revenue +23% to DKK 71.3M or $10.2B.
‚Ä¢ Ozempic +26% to $4.3B ($0.2B miss).
‚Ä¢ Wegovy +81% to $2.5B ($0.2B beat).

Outlook:
‚Ä¢ FY24 narrowed at 23% to 27%.
‚Ä¢ FY25 in the high teens (20% expected). https://t.co/gauk88gij5",en,[],2024-11-06 20:02:19+00:00,Novo Nordisk
1861471704473559447,Bernie Sanders,SenSanders,"Unless Medicare demands that Big Pharma substantially reduces the prices for anti-obesity drugs, Medicare premiums for all seniors will skyrocket.

We cannot allow Medicare and Medicaid to simply be a cash cow for Novo Nordisk and Eli Lilly. https://t.co/gZzmI5WeOq",en,[],2024-11-26 18:06:53+00:00,Novo Nordisk
1862537681416208550,John Hasson,SonofHas,"Just to get this straight

1. Novo Nordisk indirectly lobbies the feds to classify obesity as a disease

2. Disease classification = Medicaid covers Ozempic

3. AKA, Novo Nordisk is lobbying the Biden admin for a MASSIVE payday--and the admin is giving it to them https://t.co/E6G3KigXJL",en,[],2024-11-29 16:42:42+00:00,Novo Nordisk
1862829881559511423,WSJ Markets,WSJmarkets,Heard on the Street: Amgen could have an obesity drug on the market within a few years. But Lilly and Novo Nordisk‚Äôs market leadership isn‚Äôt about to be upended https://t.co/p2F8yZGe34,en,[],2024-11-30 12:03:48+00:00,Novo Nordisk
1862430761044824329,Daniel Kral,DanielKral1,"Now with almost all countries reporting - Croatia continues to be in a league of its own, followed by CEE, Novo Nordisk (sometimes referred to as Denmark), and US.

The largest European economies (üá©üá™üá´üá∑üá¨üáß) have all done rather poorly - no surprise their politics is unsettled. https://t.co/VdZbZw8Cmm",en,[],2024-11-29 09:37:50+00:00,Novo Nordisk
1851981147531808807,Calley Means,calleymeans,"The USDA Nutrition Guidelines Committee is secretly planning to declare a war on meat after the election.  

PA, WI, GA, + MI are capitals of meat production. 

The panel‚Äôs members are funded by Coca-Cola, Nestle, Novo Nordisk, and Bill Gates. 

It should be abolished. 

From the https://t.co/0uMMh5w2FB",en,[],2024-10-31 13:34:48+00:00,Novo Nordisk
1859000197591761362,unusual_whales,unusual_whales,"Novo Nordisk launches its top-selling Wegovy obesity drug in China at a fraction of the US price.

If you are interested in GLP-1 drugs, we partnered with $HRTS by @Temaetfs, the first GLP-1 ETF in the world.  

Learn More: https://t.co/OIEBtvSZLO https://t.co/sdAdVmNfXz",en,[],2024-11-19 22:26:00+00:00,Novo Nordisk
1805633781111357799,Quiver Quantitative,QuiverQuant,"Representative Michael McCaul has disclosed purchases of up to $300K of Novo Nordisk stock.

He has sold up to $600K of Phillip Morris stock.

Long Ozempic, short Zyn. https://t.co/ttUBsU7GeG",en,[],2024-06-25 16:06:55+00:00,Novo Nordisk
1691110259048230912,Quiver Quantitative,QuiverQuant,"The fund's largest holding is still Novo Nordisk, the producer of the anti-obesity drug Ozempic. https://t.co/Ee479IreuB",en,[],2023-08-14 15:31:19+00:00,Novo Nordisk
1862856054955999316,Heard on the Street,WSJheard,Eli Lilly and Novo Nordisk inevitably are facing many challengers for their lucrative obesity drugs. Their moat just got a bit stronger explains @david_wainer  https://t.co/l9jCoJvgie $LLY $NVO $AMGN,en,[],2024-11-30 13:47:48+00:00,Novo Nordisk
1860776200207052935,Hims House,himshouse,"Novo Nordisk CEO: ""We still have a situation where there are far more patients who would like to have the treatment than what both Lilly and we can supply.""

Chairman of Outsourcing Facilities Association: ""In other words, semaglutide remains in shortage.""

$HIMS $NVO $LLY https://t.co/ZESbsYaAoh",en,[],2024-11-24 20:03:12+00:00,Novo Nordisk
1859649069821395283,Novo Nordisk Foundation Science Cluster,ScienceCluster,"‚û°Ô∏è Unveiling Amylin: The New Kid on the Block in #Obesity Management

A talk by @KiraRaun (@novonordisk) at #MetabolismInAction2024 

#science #Innovation #metabolism
@novonordiskfond  @Metabolcenter https://t.co/lPdOiAHVWs",en,"['Obesity', 'MetabolismInAction2024', 'science', 'Innovation', 'metabolism']",2024-11-21 17:24:23+00:00,Novo Nordisk
1861456131295510556,Reuters,Reuters,Shares of weight-loss drugmakers Novo Nordisk and Eli Lilly rose after US President Joe Biden proposed expanding coverage of anti-obesity drugs under state-run health plans and as a potential rival drug missed expectations in a trial https://t.co/OKkPlqz6iC https://t.co/sPnwTZPGzG,en,[],2024-11-26 17:05:00+00:00,Novo Nordisk
1861831111296352519,Reuters,Reuters,Canada approves Novo Nordisk's obesity drug to reduce risk of non-fatal heart attack https://t.co/LXJLpOxsJj https://t.co/taHw9PHYwo,en,[],2024-11-27 17:55:02+00:00,Novo Nordisk
1860302699381555396,Dividend Talks on YouTube,DividendTalks,"Stocks Near 52 Week Lows:

ASML $ASML - $672

Elevance Health $ELV - $402

PepsiCo $PEP - $162

Boeing $BA - $149

United Parcel Services $UPS - $134

Diageo $DEO - $120

Canadian National Railway $CNI - $111

Novo Nordisk $NVO - $105

Merck &amp; Co $MRK - $99

Coca-Cola Femsa $KOF",en,[],2024-11-23 12:41:40+00:00,Novo Nordisk
1862473383717302436,Team Novo Nordisk,teamnovonordisk,Did you get it üòÖ https://t.co/gSshue1rdi,en,[],2024-11-29 12:27:12+00:00,Novo Nordisk
1858499166374146334,Reuters,Reuters,Novo Nordisk has launched obesity drug Wegovy in China https://t.co/4Z1GUtTiLn https://t.co/3HZMHPysEY,en,[],2024-11-18 13:15:05+00:00,Novo Nordisk
1861439777251168594,Bullflow.io,BullflowIO,$NVO Novo Nordisk $1.6M+ Jan Expiry OTM Calls https://t.co/M5oJYF8Lri,en,[],2024-11-26 16:00:01+00:00,Novo Nordisk
1861035974299406739,Mario Nawfal,MarioNawfal,"üö®THOUSANDS TURN TO WEGOVY ALTERNATIVES DUE TO DRUG SHORTAGE

Over 200,000 monthly prescriptions for compounded versions of Novo Nordisk's Wegovy are being filled as U.S. patients face supply constraints and high costs.

The FDA is considering removing Wegovy from its shortage https://t.co/3qfWz2eBl3",en,[],2024-11-25 13:15:27+00:00,Novo Nordisk
1861306371301314698,Novo Nordisk Foundation,novonordiskfond,"The dyeing of denim traditionally relies on various harsh chemicals and causes significant environmental pollution. However, researchers in Denmark are aiming to change that through an innovative new dyeing method. The groundbreaking technique uses an aqueous solution of indican https://t.co/NlNX6NBrVZ",en,[],2024-11-26 07:09:54+00:00,Novo Nordisk
1750284778581151891,Calley Means,calleymeans,"Novo Nordisk is the next Purdue Pharma. 

There are cover ups, bribery, and falsified data happening in plain site. 

This won‚Äôt end well. https://t.co/c1pVnjZGcT",en,[],2024-01-24 22:29:44+00:00,Novo Nordisk
1862165514736271765,Christine Rousselle,crousselle,today i'm thankful for novo nordisk and officially being down 70 pounds lol happy thanksgiving,en,[],2024-11-28 16:03:50+00:00,Novo Nordisk
1861888996198027362,Reuters Health,Reuters_Health,"Canada's health regulator has approved Novo Nordisk's weight loss drug Wegovy to reduce the risk of nonfatal heart attack or myocardial infarction in some adults, the Danish drugmaker said on Wednesday. https://t.co/xROeebW4Gp https://t.co/xROeebW4Gp",en,[],2024-11-27 21:45:03+00:00,Novo Nordisk
1861443832459464759,Reuters,Reuters,"Novo, Lilly shares rise as Biden proposes obesity care coverage https://t.co/ESZJ7qrWvq https://t.co/MD9uDf8wNb",en,[],2024-11-26 16:16:08+00:00,Novo Nordisk
1861772013775245531,CTV Kitchener,CTVKitchener,Canada approves Novo Nordisk's obesity drug to reduce risk of non-fatal heart attack https://t.co/Dn12rUEjeW,en,[],2024-11-27 14:00:12+00:00,Novo Nordisk
1823790872309457047,Alec Stapp,AlecStapp,"It seems under-discussed that the single largest company in all of Europe ‚Äî Novo Nordisk ‚Äî is controlled by a non-profit foundation.

Feels like this should challenge a lot of people‚Äôs assumptions. https://t.co/28Rjs8sVHA",en,[],2024-08-14 18:36:43+00:00,Novo Nordisk
1752654215745286159,Investing.com,Investingcom,"‚ö†Ô∏è JUST IN:

*NOVO NORDISK, THE OBESITY DRUG MAKER, BECOMES THE SECOND-EVER EUROPEAN COMPANY TO REACH A $500 BILLION MARKET VALUE

$NVO https://t.co/AzkbwhSOP7",en,[],2024-01-31 11:25:02+00:00,Novo Nordisk
1861001532461740318,Matt üëΩ,youngallien,"Novo Nordisk $NVO: Quick Analysis

üí∞ Profitability

‚úÖ Gross Margin 40%+: 85%
‚úÖ Net Margin 10%+: 35%
‚úÖ ROE/ROIC/ROA &gt; 10%
‚úÖ Piotroski: 8/9
üíé Valuation

‚úÖ Below 5-yr avg (except P/FCF)
‚úÖ Wide moat
üìä Shares

‚ùå Insider ownership 0%
üìà Growth

‚úÖ +46% 1-yr price forecast
‚ùå https://t.co/5feQkAfUu4",en,[],2024-11-25 10:58:35+00:00,Novo Nordisk
1861075808783049014,Bloomberg,business,The world‚Äôs largest philanthropic fund that ultimately controls Novo Nordisk will ramp up its investments outside of Denmark after cashing in on the weight-loss drug boom https://t.co/sBySXHDqk6,en,[],2024-11-25 15:53:44+00:00,Novo Nordisk
1861472595477950676,Dan Diamond,ddiamond,"Some Democrats and advocacy groups are mixed or panning the Biden proposal, saying there needs to be more study of anti-obesity drugs and pressure to lower their cost.

@SenSanders: ""We cannot allow Medicare and Medicaid to simply be a cash cow for Novo Nordisk and Eli Lilly."" https://t.co/fDw9QFGt1C",en,[],2024-11-26 18:10:25+00:00,Novo Nordisk
1861400289682551110,Oracle of Wall St,OracleofWallSt,Eli Lilly $LLY and Novo Nordisk $NVO are both up in orensrket on the Biden proposal for Medicare and Medicaid to pay for anti-obesity drugs. We own both $LLY and $NVO. https://t.co/BTkHQYIHgZ,en,[],2024-11-26 13:23:06+00:00,Novo Nordisk
1860741090011144656,RAW EGG NATIONALIST,Babygravy9,"If Big Pharma gets its way, &gt;50% of all US adults will be on Ozempic or a competitor drug. 136.8 million people. This is why Novo Nordisk will be the biggest company in the world soon. It's already the biggest in Europe, and worth more than the economy of its native Denmark. https://t.co/l2A3VbPyKY",en,[],2024-11-24 17:43:41+00:00,Novo Nordisk
1860308065444090068,Aktiesvallet,aktietokig,@Quality_stocksA what is your thoughts of Novo nordisk at really long term? Aa good buy at this level ?,en,[],2024-11-23 13:03:00+00:00,Novo Nordisk
1498671445676863494,Eric Feigl-Ding,DrEricDing,"SCOOP‚ÄîRussian attacks cut off access to the main warehouse for Novo Nordisk drugs in Ukraine, a source says. All of NN‚Äôs insulin in üá∫üá¶ is stored there. Unless warehouse access restored, pharmacies only have a couple days of #insulin left. ‚û°Ô∏èThis is also a crime against humanity. https://t.co/GsFBteDFfu",en,['insulin'],2022-03-01 14:48:11+00:00,Novo Nordisk
1858494751210614993,Evan,StockMKTNewz,Novo Nordisk $NVO is launching its weight loss drug Wegovy in China üá®üá≥ this week - Bloomberg https://t.co/XrSiOyF4VF,en,[],2024-11-18 12:57:32+00:00,Novo Nordisk
1858177018879156477,"Pradheep J. Shanker, M.D.",neoavatara,"I have mixed feelings on Ozempic, but RFK repeatedly lies about the drug. Lets at least deal with actual facts.

(Like he claims Denmark, home to Novo Nordisk, doesn't use the drug. That is a lie. They use both Ozempic and Wegovy, a lot).

https://t.co/3xQS1Ztsru",en,[],2024-11-17 15:54:59+00:00,Novo Nordisk
1858960132304236753,Charlie Bilello,charliebilello,"Returns since election...
Dogecoin: +141%
MicroStrategy: +87%
Coinbase: +67%
Tesla: +36%
Bitcoin: +35%
Banks: +8.7%
US Dollar: +2.9%
Small Caps: +2.5%
S&amp;P 500: +2.2%
---
Long-Term Treasuries: -2.1%
International Stocks: -3.1%
Oil: -3.4%
Gold: -4.1%
China: -6.8%
Novo Nordisk: https://t.co/6vrlwv9BdB",en,[],2024-11-19 19:46:48+00:00,Novo Nordisk
1859445819667030049,See It Market,seeitmarket,"NEW Article:  ‚ÄúAre Dietary Drug Stocks Eli Lilly and Novo Nordisk Ready To Rise Again?‚Äù  ‚Äî&gt; https://t.co/pQcsS0t3kG

by @marketminute 
$SPY $XLV $IBB $NVO $LLY https://t.co/2lZ2OdUxBI",en,[],2024-11-21 03:56:44+00:00,Novo Nordisk
1858922434986209457,Ars Technica,arstechnica,Novo Nordisk sells hit weight-loss drug in China‚Äîat fraction of US price https://t.co/JCtzKcXbnB,en,[],2024-11-19 17:17:00+00:00,Novo Nordisk
1858494114074894587,Mario Nawfal,MarioNawfal,"üö®üá®üá≥NOVO NORDISK LAUNCHES WEGOVY IN CHINA AT MUCH LOWER PRICES THAN IN THE US

Initial prescriptions will roll out in Shanghai this week, marking a key milestone for the company‚Äôs expansion in Asia.

The move positions Novo Nordisk to tap into China's rising demand for obesity https://t.co/VyLxcBuT7K",en,[],2024-11-18 12:55:00+00:00,Novo Nordisk
1658132620436275200,Quiver Quantitative,QuiverQuant,"Their largest holdings are:
~$1.7B of Novo Nordisk ( $NVO )
~$929M of Amazon ( $AMZN )
~$878M of Gilead Sciences ( $GILD )
~$835M of Tesla ( $TSLA )
~$753M of AirBnB ( $ABNB ) https://t.co/Vq1x2QBuIl",en,[],2023-05-15 15:29:57+00:00,Novo Nordisk
1375239473882046464,Rep. Katie Porter,RepKatiePorter,"Just 3 companies control nearly all of our insulin supply: Eli Lilly, Sanofi, and Novo Nordisk. Shocker: it turns out they raise prices in tandem‚Äîat least 13x in 10 years‚Äîwhile patients are rationing or starving themselves to try to cut costs. I want answers. https://t.co/AtkH3OonTs",en,[],2021-03-26 00:13:35+00:00,Novo Nordisk
1848902349991121269,Calley Means,calleymeans,"I‚Äôm floored. 

The USDA Nutrition Guidelines Committee previewed their new guidance today on an internal zoom. 

A CORE principle is ‚ÄúREDUCING focus on chronic disease reduction.‚Äù 

Committee members are paid by Novo Nordisk, Eli Lilly, Abbott, and Mars. 

This must be disbanded. https://t.co/LTWcxpaHhO",en,[],2024-10-23 01:40:45+00:00,Novo Nordisk
1861817308768874820,CTV News,CTVNews,Canada approves Novo Nordisk's obesity drug to reduce risk of non-fatal heart attack https://t.co/IeAJxy8aoW,en,[],2024-11-27 17:00:11+00:00,Novo Nordisk
1826728662013804544,Michael Burry Stock Tracker ‚ôü,burrytracker,"#5 Jim Simons (RIP) - Renaissance

Earnings: $1.3 Billion 

Current top 3 holdings:

Novo Nordisk $NVO, Palantir $PLTR, Nvidia $NVDA https://t.co/fEVftkH93S",en,[],2024-08-22 21:10:26+00:00,Novo Nordisk
1859987775971328204,Streetinsider.com,Street_Insider,"Barclays says buy Novo Nordisk $NVO stock 'into this critically important catalyst'
https://t.co/1QfrAJAlED https://t.co/MHad1mW1O3",en,[],2024-11-22 15:50:17+00:00,Novo Nordisk
1860823890311917904,Washington #insulin4all,WAinsulin4all,"Last week for #WorldDiabetesDay we protested @novonordisk &amp; their recent move to stop selling #insulin  to the millions with #diabetes in #SouthAfrica üáøüá¶ 

@t1international &amp; #insulin4all advocates came together in #Seattle

We ration as they profiteer &amp; extort https://t.co/hadgtpMcuc",en,"['WorldDiabetesDay', 'insulin', 'diabetes', 'SouthAfrica', 'insulin4all', 'Seattle']",2024-11-24 23:12:42+00:00,Novo Nordisk
1858574280109314326,Fast Company,FastCompany,"State Medicaid programs for low-income families are the single biggest source of coverage for weight-loss drugs, giving 31.6 million people access to Novo Nordisk's Wegovy or Eli Lilly's Zepbound. https://t.co/q3ZUrf50lw",en,[],2024-11-18 18:13:33+00:00,Novo Nordisk
1852085639069479215,60 Minutes,60Minutes,"Denmark‚Äîhome to some of the world's wealthiest and healthiest people‚Äîis now home to Europe's largest company, Novo Nordisk. The company's weight loss wonder drugs Ozempic and Wegovy have slimmed down millions while adding great heft to the Danish economy. Sunday. https://t.co/u5XMsbG1lX",en,[],2024-10-31 20:30:01+00:00,Novo Nordisk
1861683104064368672,Novo Nordisk Foundation,novonordiskfond,"Join us for the last episode of our 4-part series marking the 100th anniversary of the Novo Nordisk Foundation in 2024.

Pandemics, energy crises, the explosion of cardiometabolic diseases, the climate crisis and humanitarian needs because of war and famine. With all these https://t.co/5ybQcT42nR",en,"['health', 'innovation', 'medicine', 'diabetes', 'history', 'anniversary']",2024-11-27 08:06:55+00:00,Novo Nordisk
1861388240588067168,Quality Stocks,Quality_stocksA,"Good news for üá∫üá∏ Eli Lilly $LLY and üá©üá∞ Novo Nordisk $NVO

Biden's administration should propose expanding coverage of anti-obesity drugs for people on Medicare and Medicaid

For now, the supply is still the limit but this decision will increase the size of the market",en,[],2024-11-26 12:35:14+00:00,Novo Nordisk
1859959062860816758,Charlie Bilello,charliebilello,"Returns since election...
Dogecoin: +128%
MicroStrategy: +74%
Coinbase: +52%
Bitcoin: +42%
Tesla: +35%
Banks: +10%
Small Caps: +4.6%
US Dollar: +3.7%
S&amp;P 500: +2.9%
---
Oil: -2.1%
Long-Term Treasuries: -2.6%
Gold: -2.7%
International Stocks: -3.1%
Novo Nordisk: -6.8%
China: -7.0% https://t.co/aWiO70MPVM",en,[],2024-11-22 13:56:11+00:00,Novo Nordisk
1860313283821207629,ÎØ∏Íµ≠Í∞úÎØ∏,USAnt_IDEA,"52 Ï£º ÏµúÏ†ÄÍ∞Ä Ïù∏Ï†ë Ï£ºÏãù

ASML $ASML - $672

Elevance Health $ELV - $402

PepsiCo $PEP - $162

Boeing $BA - $149

United Parcel Services $UPS - $134

Diageo $DEO - $120

Canadian National Railway $CNI - $111

Novo Nordisk $NVO - $105

Merck &amp; Co $MRK - $99

Coca-Cola Femsa $KOF - https://t.co/KBlWlV0xYa",en,[],2024-11-23 13:23:44+00:00,Novo Nordisk
1861467343928311989,Bloomberg Economics,economics,Novo Nordisk is cutting back on recruiting in Denmark after reaching the limits of its home country‚Äôs labor market in the rush to add capacity for blockbuster drugs Ozempic and Wegovy https://t.co/5bHnztk3L4,en,[],2024-11-26 17:49:33+00:00,Novo Nordisk
1861699560285823480,FORTUNE,FortuneMagazine,Novo Nordisk Foundation CEO Mads Krogsgaard Thomsen said only 9 million people are using GLP-1s compared with 1 billion people living with obesity. https://t.co/odqJsJi4bN,en,[],2024-11-27 09:12:18+00:00,Novo Nordisk
1860725280899252306,WIRED,WIRED,"GLP-1 drugs like Ozempic are injectable medications‚Äîbut a strange new market has emerged selling oral ‚Äúcompounded‚Äù versions online, despite a lack of evidence that they work. https://t.co/CebnS8Li0L",en,[],2024-11-24 16:40:52+00:00,Novo Nordisk
1862434613538193817,Daniel Kral,DanielKral1,"@jfkirkegaard @novonordisk @Maersk Yes, last couple of years it was Novo's turn :) https://t.co/5ulVrO8vzm",en,[],2024-11-29 09:53:08+00:00,Novo Nordisk
1861516528929092058,Reuters,Reuters,Shares of weight-loss drugmakers Novo Nordisk and Eli Lilly rose after US President Joe Biden proposed expanding coverage of anti-obesity drugs for more than 7 million people with Medicare and Medicaid health coverage https://t.co/OKkPlqz6iC https://t.co/h4p8IrKbTl,en,[],2024-11-26 21:05:00+00:00,Novo Nordisk
1836875214766100829,unusual_whales,unusual_whales,"Wegovy by Novo Nordisk, $NVO, is the first GLP-1 med to receive a positive opinion for reduced symptoms in people with obesity-related heart failure.

Unusual Whales has partnered with @Temaetfs to showcase the $HRTS ETF, the first GLP-1 ETF.

See more: https://t.co/9jXYVHxuRS https://t.co/sWfRdP5Hyq",en,[],2024-09-19 21:09:13+00:00,Novo Nordisk
1861172282212696158,Charlie Bilello,charliebilello,"Returns since election...
Dogecoin: +133%
MicroStrategy: +77%
Coinbase: +61%
Bitcoin: +35%
Tesla: +35%
Banks: +15%
Small Caps: +8.1%
S&amp;P 500: +3.6%
US Dollar: +3.5%
US Bonds: +0.3%
---
International Stocks: -2.7%
Oil: -3.5%
Gold: -4.3%
Pfizer: -5.1%
Novo Nordisk: -5.1%
China: https://t.co/Rbu843m7vJ",en,[],2024-11-25 22:17:05+00:00,Novo Nordisk
1861751846043287739,CTV News,CTVNews,Canada approves Novo Nordisk's obesity drug to reduce risk of non-fatal heart attack https://t.co/xnr51r588G,en,[],2024-11-27 12:40:04+00:00,Novo Nordisk
1774850785378959441,Samuel Hammond üåêüèõ,hamandcheese,The irony in picking on Novo Nordisk is that it's the one major pharma company owned by a charitable foundation chartered to reinvest its profits into long-term R&amp;D and humanitarian projects. üòÖ https://t.co/faqaA2tvGU,en,[],2024-04-01 17:26:17+00:00,Novo Nordisk
1861403970599539067,Stefanie Ilgenfritz,stefaniei,"White House is moving to make Medicare and Medicaid cover anti-obesity drugs such as Novo Nordisk‚Äôs Wegovy and Eli Lilly‚Äôs Zepbound for people who are obese, even if they don‚Äôt have other diseases like diabetes. ‚Å¶@WSJ‚Å©  https://t.co/q9MvRuaWUa",en,[],2024-11-26 13:37:44+00:00,Novo Nordisk
1778346435336929665,World of Statistics,stats_feed,"üá©üá∞ How Novo Nordisk makes its profit (FY23 income):

Diabetes care: $25.1 billion 
Obesity care: $6.0 billion
Rare disease: $2.5 billion 
Financial income: $0.3 billion 
Other income: $17 million",en,[],2024-04-11 08:56:44+00:00,Novo Nordisk
1862609591944536170,WSJ Markets,WSJmarkets,"The Score: GM, Macy‚Äôs, Novo Nordisk and More Stocks That Defined the Week https://t.co/qDqlA5fDyq",en,[],2024-11-29 21:28:26+00:00,Novo Nordisk
1862504835586879575,Alexandros Marinos üè¥‚Äç‚ò†Ô∏è,alexandrosM,"While I think this is likely a terrible idea overall, let's assume it's going to happen. Given that the amount is greater than novo nordisk's entire market capitalization, the US would be better off buying the company outright and turning the drug generic. Or just buying the",en,[],2024-11-29 14:32:11+00:00,Novo Nordisk
1793324632994406855,VAL THOR,CMDRVALTHOR,"BREAKING ‚Äì Denmark: The headquarters of Novo Nordisk, Europe's largest company, is on fire. This is the second fire in a week https://t.co/pdNtlNz973",en,[],2024-05-22 16:54:45+00:00,Novo Nordisk
1861037206204272887,George Robertson,BickerinBrattle,"oft said meme is the guys who really cleaned up in San Fran 1849 and later gold rush were those who sold shovels and other gear.
in that way of thinking intrigued over Novo Nordisk.
anyone bright than I looking at it?  @Citrini7 https://t.co/KBvOoctmFX",en,[],2024-11-25 13:20:21+00:00,Novo Nordisk
1581629046151999488,Compounding Quality,QCompounding,"Company 3: Novo Nordisk ($NOVO-B)

Novo Nordisk is active in diabetes treatment. More and more people will suffer from diabetes due to our aging population and obesity. 

- FCF margin: 34.6%
- ROCE: 101.9%
- FCF yield: 3.2%
- Exp; FCF growth (3 yr): 15.6%
- CAGR since IPO: 19.9% https://t.co/aRILEOghsO",en,[],2022-10-16 12:52:04+00:00,Novo Nordisk
1861824880439701780,CTV Edmonton,ctvedmonton,Canada approves Novo Nordisk's obesity drug to reduce risk of non-fatal heart attack https://t.co/rQNbxsscjt,en,[],2024-11-27 17:30:17+00:00,Novo Nordisk
1862089590695248276,RAJAN ALAKKAATT,GODSTODAY,"My daughter, Snesha Rajan died in Bangalore on 11-11-2024. She was living with her husband, Hari S Pillai (Kadampanadu, Pathanamthitta), son and her in laws. She was working as a Manager in Novo Nordisk company in Bangalore. See comments. https://t.co/a1n2e1VoW6",en,[],2024-11-28 11:02:09+00:00,Novo Nordisk
1860810077118013720,Novo Nordisk,novonordisk,@jchatterleyCNN Access to our medicines can be impacted by where a person lives or their local healthcare system infrastructure. We continue to look for solutions to US healthcare system problems. (1/2),en,[],2024-11-24 22:17:49+00:00,Novo Nordisk
1861459780046319745,Bloomberg Markets,markets,Novo Nordisk is cutting back on recruiting in Denmark after reaching the limits of its home country‚Äôs labor market in the rush to add capacity for blockbuster drugs Ozempic and Wegovy https://t.co/VynWwcd26W,en,[],2024-11-26 17:19:30+00:00,Novo Nordisk
1774168024012271790,Dom Quilici,DQuilici1,@Indian_Bronson Novo Nordisk made $83 bill in profit last year. Not a fan of Bernie but let‚Äôs not pretend these pharmaceutical companies are cash strapped. Not convinced Ozempic is without its issues either.,en,[],2024-03-30 20:13:14+00:00,Novo Nordisk
1861364566531149882,The Future Investors,ftr_investors,"$LLY $NVO The Biden administration proposes expanding Medicare and Medicaid coverage for obesity drugs, potentially providing access to treatment for 7.4 million Americans and benefiting Novo Nordisk and Eli Lilly.
https://t.co/6exFOT0KAj",en,[],2024-11-26 11:01:09+00:00,Novo Nordisk
826013315012894720,Leave.EU,LeaveEUOfficial,"Danish pharmaceutical firm Novo Nordisk to invest ¬£115m in new diabetes research centre in Oxford, #DespiteBrexit. https://t.co/UptOA4CpGm",en,['DespiteBrexit'],2017-01-30 10:24:55+00:00,Novo Nordisk
1861824873766568105,CTV News Winnipeg,ctvwinnipeg,Canada approves Novo Nordisk's obesity drug to reduce risk of non-fatal heart attack https://t.co/l7DJTxniVR,en,[],2024-11-27 17:30:15+00:00,Novo Nordisk
1861756940331675763,CTV News Calgary,CTVCalgary,Canada approves Novo Nordisk's obesity drug to reduce risk of non-fatal heart attack https://t.co/oiFjaff7kz,en,[],2024-11-27 13:00:19+00:00,Novo Nordisk
1862832648856506472,Olum & Khubor,OlumKhubor,"Market Insights powered by Wall Street Journal

Eli Lilly and Novo Nordisk's Obesity Moat Just Got Stronger https://t.co/SqCv6Xb9Ga

#boldnews #worldnews",en,"['boldnews', 'worldnews']",2024-11-30 12:14:47+00:00,Novo Nordisk
1860943009551937672,biotechteam,arnaudGUILLEME3,"Tic tac #cagrisema #adocia 
https://t.co/3IHHoL5LBY",en,"['cagrisema', 'adocia']",2024-11-25 07:06:02+00:00,Novo Nordisk
1861096410835206439,Casperdbn,casperdbn1,"@GuguStatu Does anyone else find it strange that the market capitalisation of Danish pharmaceutical company Novo Nordisk is higher than the GDP of Denmark. 

Wishing you well on your journey.",en,[],2024-11-25 17:15:36+00:00,Novo Nordisk
1858488433338888603,Bloomberg,business,"Novo Nordisk launches its top-selling Wegovy obesity drug in China at a fraction of the US price, a key step in unlocking a fast-growing market for its blockbuster franchise https://t.co/IdsQjND3OM",en,[],2024-11-18 12:32:26+00:00,Novo Nordisk
1860262067661406486,Team Novo Nordisk,teamnovonordisk,"Ina Montt keeps running despite challenges and setbacks.

Watch the full documentary now: https://t.co/8xh5iLVai3

#DrivingChange #Diabetes https://t.co/35bsGG75vu",en,"['DrivingChange', 'Diabetes']",2024-11-23 10:00:13+00:00,Novo Nordisk
1858543712910881245,Juleen R. Zierath,JuleenRZierath,"Starting shortly #MetabolismInAction2024

Hosted by Novo Nordisk Foundation Science Cluster &amp; ‚Å¶@Metabolcenter‚Å©
Metabolism in Action - Time, Space and Treatment
Exploring molecular &amp; cell type-specific regulation of metabolism for better treatment of cardiometabolic diseases https://t.co/ZWT4hgddPu",en,['MetabolismInAction2024'],2024-11-18 16:12:05+00:00,Novo Nordisk
1861386948968886628,Reuters Health,Reuters_Health,Shares of Danish weight-loss drug maker Novo Nordisk rose 1.3% on Tuesday as U.S. President Jo Biden proposed expanding coverage of anti-obesity drugs for millions on Medicare and Medicaid. https://t.co/Ns6RJghVZl https://t.co/Ns6RJghVZl,en,[],2024-11-26 12:30:06+00:00,Novo Nordisk
1793272379512180786,NEXTA,nexta_tv,"The headquarters of Novo Nordisk, Europe's largest company, is on fire. This is the second fire in a week

A major fire has broken out in the headquarters building of the Danish pharmaceutical company Novo Nordisk - the second fire in a week. The fire started outside but then https://t.co/l8Dzj7lKDw",en,[],2024-05-22 13:27:07+00:00,Novo Nordisk
1853243653730308331,60 Minutes,60Minutes,Novo Nordisk was founded in the early 1920s to produce insulin in Scandinavia. The company vowed to forgo ‚Äúnasty profits‚Äù  by promising to return revenues to society through research into physiology and medicine. https://t.co/I2rWrbpekZ https://t.co/j9dA6PjWsE,en,[],2024-11-04 01:11:33+00:00,Novo Nordisk
1862116916480868397,Quality Stocks,Quality_stocksA,"It‚Äôs One Pager Thursday!

This week, we have 5 stocks to (re)discover at a glance:
üá©üá∞ Novo Nordisk $NVO
üá∫üá∏ Servicenow $NOW
üá∫üá∏ Fair Isaac $FICO
üá∫üá∏ Service Corporation $SCI
üá´üá∑ Equasens $EQS

An example just here! The 4 others are in the article, available on the link in my bio https://t.co/bm9IT8Qq6y",en,[],2024-11-28 12:50:44+00:00,Novo Nordisk
1859576830593737012,Aktiediplomaten,Aktiediplomaten,"It seems like the global semaglutide shortage will last to at least H1-2025. Novo Nordisk has informed doctors and clinics in Sweden, advising them to prescribe Rybelsus instead, as the Ozempic shortage is expected to continue well into 2025.

Bullish for $HIMS, I suppose ü§∑",en,[],2024-11-21 12:37:20+00:00,Novo Nordisk
1861923582047076769,Marko Jukic,mmjukic,"This isn't the only form that exceptional and successful companies can take, however. In Europe especially it's common to see companies that are basically a single unique scientific tradition of knowledge wrapped by a company, like ASML or Novo Nordisk:
https://t.co/MkisKI6tLi",en,[],2024-11-28 00:02:29+00:00,Novo Nordisk
1861814755511382457,CTV National News,CTVNationalNews,Canada approves Novo Nordisk's obesity drug to reduce risk of non-fatal heart attack https://t.co/mOFXjoD0Xc,en,[],2024-11-27 16:50:03+00:00,Novo Nordisk
1861122686413611301,FiercePharma,FiercePharma,"Pfizer led industrywide sales surge in Q3 after several quarters of dominance by Eli Lilly, Novo Nordisk https://t.co/luv1hZ5Mwf",en,[],2024-11-25 19:00:01+00:00,Novo Nordisk
1861056632580382775,Fast Company,FastCompany,"""More than 200,000 prescriptions for copies of Novo Nordisk's weight-loss drug Wegovy are getting filled by U.S. patients each month."" https://t.co/43obljFXNJ",en,[],2024-11-25 14:37:32+00:00,Novo Nordisk
1862183290314055994,billy,billyhumblebrag,"&gt;be company
&gt;have weird corporate structure with a controlling non-profit
&gt;discover breakthrough technology
&gt; valuation skyrockets
&gt; people are excited about how many problems it can solve
&gt; some are vocally concerned about long term impacts
&gt; be novo nordisk
pic unrelated https://t.co/M0KFtHLzv0",en,[],2024-11-28 17:14:28+00:00,Novo Nordisk
1862496728831717630,Singularity Hub,singularityhub,"No one likes needles.

This month, researchers from MIT and the pharmaceutical company Novo Nordisk took inspiration from squids to engineer ingestible capsules that burst inside the stomach and other parts of the digestive system.

This work suggests it just might be possible to",en,[],2024-11-29 13:59:58+00:00,Novo Nordisk
1861099310139551746,"Baker, Terf Agent #10000",Justabaker17,@OliLondonTV It's amazing how much money NovoNordisk is making from that drug that apparently 'no one' is using.,en,[],2024-11-25 17:27:07+00:00,Novo Nordisk
1859879515591148028,Reuters,Reuters,"Ypsomed will make injection pens for Novo Nordisk's CagriSema, source says https://t.co/Hl8ffGe4KO https://t.co/zijmUp66YK",en,[],2024-11-22 08:40:06+00:00,Novo Nordisk
1861396339210195409,Ryan,RyanWagster,"@zerohedge $NVO Novo Nordisk has set a minimum target of 25% weight loss in their new drug trial, which would make CagriSema the most effective weight-loss drug commercially available! And a pill form is in the works.",en,[],2024-11-26 13:07:24+00:00,Novo Nordisk
1861966251117216094,"Michael Mindrum, MD",MichaelMindrum,Health Canada approves Novo Nordisk's obesity drug to reduce risk of non-fatal heart attack | CBC News https://t.co/Hm00WdmBOi,en,[],2024-11-28 02:52:02+00:00,Novo Nordisk
1861460002080252360,Bloomberg,business,Novo Nordisk is cutting back on recruiting in Denmark after reaching the limits of its home country‚Äôs labor market in the rush to add capacity for blockbuster drugs Ozempic and Wegovy https://t.co/1tQ1a2Locc,en,[],2024-11-26 17:20:23+00:00,Novo Nordisk
1862825968383017211,LoxleyCapital,LoxleyCap,"Portfolio changes this week:

Out: #QQ. Qinetiq. Sold on Monday as I now see better growth elsewhere

In: $NVO Novo Nordisk. Been on WL for ages and hoping around now marks end of their re-trace",en,['QQ'],2024-11-30 11:48:15+00:00,Novo Nordisk
1860043544536449368,Ethan Caldwell - Carnivore Lion Life ü•©,carnivorelion,"The Dietary Guidelines Advisory Committee is trying to fast-track their plant-based bs before RFKJr torches them in 2025.

The list of committee member conflict disclosures is MASSIVE, and includes payments from GLP-1 makers Eli Lilly and Novo Nordisk.

Big surprise. https://t.co/TX7ZnxQn34",en,[],2024-11-22 19:31:53+00:00,Novo Nordisk
1861560035299471572,Barbarian Capital,BarbarianCap,"what else would they say?

Novo Nordisk Says White House Obesity Plan Is Step in Right Direction $NVO https://t.co/svCGu1rv9c",en,[],2024-11-26 23:57:53+00:00,Novo Nordisk
1860291628335849611,Novo Nordisk Foundation,novonordiskfond,Join us in Episode 3 as we continue our journey marking the 100th anniversary of the Novo Nordisk Foundation in 2024. The episode The Dead Hand begins in 2020 ‚Äì a year etched into the consciousness of populations worldwide. While the COVID-19 pandemic is straining global health https://t.co/GRumZ4O8nA,en,"['health', 'innovation', 'medicine', 'diabetes', 'history', 'anniversary']",2024-11-23 11:57:41+00:00,Novo Nordisk
1688855918773989377,Novo Nordisk,novonordisk,#PRESS Novo Nordisk product reduces the risk of major adverse cardiovascular events by 20% in adults with overweight or obesity in trial,en,['PRESS'],2023-08-08 10:13:23+00:00,Novo Nordisk
1697636683909308660,zerohedge,zerohedge,"*NOVO NORDISK CLOSES AS EUROPE'S BIGGEST FIRM, TOPPING LVMH

fat &gt; gold",en,[],2023-09-01 15:45:00+00:00,Novo Nordisk
1861751849604325529,CTV National News,CTVNationalNews,Canada approves Novo Nordisk's obesity drug to reduce risk of non-fatal heart attack https://t.co/jjQ82KHlQP,en,[],2024-11-27 12:40:05+00:00,Novo Nordisk
1862263793494983026,üá∫üá∏ ùôÉùôñùôóùôûùô©ùô™ùôñùô° ùôáùôûùô£ùôö ùôéùô©ùôöùô•ùô•ùôöùôß üá∫üá∏,MmHabitual,"@MailOnline It‚Äôs great for Novo Nordisk, they‚Äôre making a killing on a drug that has no long term studies.",en,[],2024-11-28 22:34:22+00:00,Novo Nordisk
938105228158799874,Novo Nordisk,novonordisk,"#PRESS: Novo Nordisk receives US Food and Drug
Administration (FDA) approval for new product https://t.co/rBuj7CclK5",en,['PRESS'],2017-12-05 17:58:10+00:00,Novo Nordisk
1783210555014013095,Warren Gunnels,GunnelsWarren,"Novo Nordisk is a $555 billion company.

It made over $12 billion in profits last year by, among other things, charging Americans $969 for Ozempic while it can be purchased for $59 in Germany and costs $5 to make.

Our political agenda is to end this greed. Guilty. As. Charged.",en,[],2024-04-24 19:05:01+00:00,Novo Nordisk
1861705174169145413,Ailutism,ailutism,"3/7 üíâ Promising New Injectable Drugs:

‚Ä¢ Zepbound (Tirzepatide) by Eli Lilly
‚Ä¢ Wegovy (Semaglutide) by Novo Nordisk

Both are weekly subcutaneous injections, showing significant weight loss results. https://t.co/21ryiKRpLj",en,[],2024-11-27 09:34:36+00:00,Novo Nordisk
1861151348399501559,Bullish on Humanity,BullishOnHuman,"$HIMS $LLY $NVO @MartyMakary How much $ &amp; time spent in development and regulatory approval process for Zepbound and Wegovy:
1. HIMS = $0
2. Eli Lilly &amp; Co. = $Billions
3. Novo Nordisk = $Billions
What do you think will happen to the incentive to incurr these costs to innovate?",en,[],2024-11-25 20:53:54+00:00,Novo Nordisk
1861783212135268397,Ge Bai,GeBaiDC,"WASHINGTON, Nov 26 (Reuters) - U.S. President Joe Biden on Tuesday proposed expanding coverage of anti-obesity drugs, like Novo Nordisk's Wegovy, for more than 7 million people with Medicare and Medicaid health coverage, which could cut out-of-pocket expenses for some by as much",en,[],2024-11-27 14:44:42+00:00,Novo Nordisk
1861548307979337832,Reasonable Democrat,Please_B_Normal,@ArmandDoma I‚Äôve heard some reports of Denmark‚Äôs GDP have to have a ‚Äúwith Novo Nordisk‚Äù and ‚Äúwithout Novo Nordisk‚Äù lmao,en,[],2024-11-26 23:11:17+00:00,Novo Nordisk
1860841984845377581,Alliance to Protect Insulin Choice,InsulinChoice,"1/5 We are the Alliance to Protect Insulin Choice, formed after Novo Nordisk announced the discontinuation of Levemir (detemir) in the US next month. https://t.co/CZKyNYWLib",en,[],2024-11-25 00:24:36+00:00,Novo Nordisk
1860663302168150198,Futurism,futurism,Americans are getting seriously ripped off. https://t.co/4Ms6txtNgC,en,[],2024-11-24 12:34:35+00:00,Novo Nordisk
825948953778728960,Novo Nordisk,novonordisk,#NEWS: We enter collaboration with University of Oxford on #type2diabetes and invest GBP 115m in new research centre https://t.co/4ItelyinAQ https://t.co/mrYMJcma7W,en,"['NEWS', 'type2diabetes']",2017-01-30 06:09:10+00:00,Novo Nordisk
1860601753169002814,Bhekisisa,Bhekisisa_MG,"Human rights lawyer @_HassanF slams Novo Nordisk‚Äôs deal with Aspen for making #insulin as inadequate, arguing it neglects SAns need for injection pens. Read more. #HealthEquity https://t.co/vDkGi5wuva",en,"['insulin', 'HealthEquity']",2024-11-24 08:30:00+00:00,Novo Nordisk
1862490456526897356,ACunha,ajncunha,"@ValuingDutchman @k_ristovski Adyen, Spotify, Novo Nordisk, ASML... Not to talk about the old Jewels: Ferrari, LVMH, Diageo, SAP, Siemens, Nestl√©, AbInbev etc etc can it be better? 100x Yes! Is It as bad as perceived? Absolutely not!",en,[],2024-11-29 13:35:02+00:00,Novo Nordisk
1858833702169563228,Novo Nordisk Foundation,novonordiskfond,Join us in Episode 2 as we continue our journey marking the 100th anniversary of the Novo Nordisk Foundation in 2024. A Promise For Life begins in 2010 with a grand celebration at the University of Copenhagen. A world-class metabolism research centre is opening at the Panum https://t.co/NvXVqO9Y9s,en,"['health', 'innovation', 'medicine', 'diabetes', 'history', 'anniversary']",2024-11-19 11:24:24+00:00,Novo Nordisk
1635725006918279168,Joe Biden,JoeBiden,"I am pleased that, in line with my call, Novo Nordisk will be lowering their insulin prices by 75%, following Eli Lilly‚Äôs action. 

This builds on the important progress we made last year when I signed a law to cap insulin at $35 for seniors. I urge others to follow.",en,[],2023-03-14 19:30:06+00:00,Novo Nordisk
1848408007228723421,unusual_whales,unusual_whales,"Novo Nordisk‚Äôs $NVO Rybelsus diabetes pill reduced the risk of heart attacks and strokes, per Bloomberg.

If you are interested in GLP-1 drugs, we partnered with $HRTS by @Temaetfs, the first GLP-1 ETF in the world.

Learn More: https://t.co/enhSuXXSyB",en,[],2024-10-21 16:56:25+00:00,Novo Nordisk
1849197334053396737,unusual_whales,unusual_whales,"Novo Nordisk $NVO has asked the US to stop compounding pharmacies from making weight-loss drug copies like Ozempic.

We partnered with @Temaetfs $HRTS ETF, the first GLP-1 ETF that focused on Weightloss and Obesity based public companies.

Come learn more: https://t.co/9jXYVHxuRS",en,[],2024-10-23 21:12:55+00:00,Novo Nordisk
1862579667418464283,Novo Nordisk,novonordisk,@AjitPat64955053 Thank you for reaching out to us about this. I suggest that you contact our local Novo Nordisk office in India here: https://t.co/gbKMu3Xnb4 They will be able to assist you with the most up-to-date information on the product's availability and potential alternatives in your area.,en,[],2024-11-29 19:29:32+00:00,Novo Nordisk
1840557423842496914,unusual_whales,unusual_whales,"Recently, Novo Nordisk CEO Lars Fruergaard J√∏rgensen said Americans‚Äô struggle to navigate the ‚Äúcomplex U.S. healthcare system‚Äù and that ‚Äúno company alone could solve such vast and complicated policy challenges.""

Read more: https://t.co/muo86LerkL",en,[],2024-09-30 01:01:00+00:00,Novo Nordisk
1750793800648188135,World of Statistics,stats_feed,"The top 50 pharmaceutical giants:

üá∫üá∏ Eli Lilly: $578.3B
üá©üá∞ Novo Nordisk: $452.8B
üá∫üá∏ Johnson &amp; Johnson: $377.7B
üá∫üá∏ Merck: $263.9B
üá∫üá∏ AbbVie: $261.2B
üá®üá≠ Roche: $222.4B
üá¨üáß AstraZeneca: $212.2B
üá®üá≠ Novartis: $201.1B
üá∫üá∏ Pfizer: $181.3B
üá∫üá∏ Amgen: $152.0B
üá´üá∑ Sanofi: $138.5B
üá∫üá∏",en,[],2024-01-26 08:12:24+00:00,Novo Nordisk
1838600434006790496,unusual_whales,unusual_whales,"Bernie Sanders has said, during $NVO testimony today: 

No company should get away with charging Americans up to 15x more than other countries for a lifesaving drug. The HELP Committee is holding a hearing NOW on the need to end Novo Nordisk‚Äôs corporate greed.

We have a space",en,[],2024-09-24 15:24:37+00:00,Novo Nordisk
1821010032386793900,unusual_whales,unusual_whales,"Unusual Whales has partnered with @Temaetfs &amp; their $HRTS, the GLP-1 ETF, for earnings of Eli Lilly, $LLY, &amp; Novo Nordisk, $NOVO.

$NOVO's expected revenue is $10.8 billion, previous $10.01 billion.

See $HRTS ETF for exposure to weight loss drug stocks: https://t.co/9jXYVHwX2k https://t.co/JpMDApLWiI",en,[],2024-08-07 02:26:39+00:00,Novo Nordisk
1858878212484276730,WSJ Business News,WSJbusiness,Novo Nordisk Launches Wegovy Weight-Loss Drug in China https://t.co/Y4uAKqb4AB,en,[],2024-11-19 14:21:16+00:00,Novo Nordisk
1793275289264361612,Jay in Kyiv,JayinKyiv,"Call me a conspiracist but..

To get around NATO's Article 5, it seems Putin is now dedicated to attacking European targets with deniable acts of sabotage.

Warsaw shopping mall last week is already blamed on Russia and now Copenhagen's Novo Nordisk headquarters, the largest https://t.co/RWe9qrl1vV",en,[],2024-05-22 13:38:41+00:00,Novo Nordisk
1833557585317757073,unusual_whales,unusual_whales,"Novo Nordisk currently charges Americans with type 2 diabetes $969 a month for Ozempic, while this same exact drug can be purchased for just $155 in Canada.

Unusual Whales has partnered with @Temaetfs and their $HRTS, the GLP-1 ETF, to give you a preview of the upcoming",en,[],2024-09-10 17:26:08+00:00,Novo Nordisk
1805346442292396439,unusual_whales,unusual_whales,"Novo Nordisk to build $4.1 billion North Carolina facility to boost output of Wegovy, Ozempic, per CNBC.",en,[],2024-06-24 21:05:08+00:00,Novo Nordisk
1858495954980106741,Bloomberg Asia,BloombergAsia,"Novo Nordisk launches its top-selling Wegovy obesity drug in China at a fraction of the US price, a key step in unlocking a fast-growing market for its blockbuster franchise https://t.co/TIOzhbLlyP",en,[],2024-11-18 13:02:19+00:00,Novo Nordisk
1862141460767764912,ùïûùïíùïñùïßùïöùï•ùï•ùï™ üçØüåô era,maevitty,now that‚Äôs what i‚Äôm talking abt https://t.co/La9GnFUDyU,en,[],2024-11-28 14:28:15+00:00,Ozempic
1729503578857894302,cream drizzy,shrampmannne,Ozempic causing the gyattocaustüòîüòîüòî https://t.co/ht9UROYiAe,en,[],2023-11-28 14:12:40+00:00,Ozempic
1809350289826419160,Veronica,celestialbe1ng,‚ÄúNature‚Äôs Ozempic‚Äù https://t.co/wtHjSA0APh,en,[],2024-07-05 22:14:59+00:00,Ozempic
1840946364710072411,Lizzy Ó®Ä Vee,Lizzytrizzy,"Ozempic this, ozempic that. Have you considered maybe cigarettes and cocaine?",en,[],2024-10-01 02:46:31+00:00,Ozempic
1861120865619837042,Costello,itsacostello,The original Ozempic. https://t.co/pgM8dGZrUR,en,[],2024-11-25 18:52:46+00:00,Ozempic
1828469602461905297,rueüåø,Ruesavatar,"My sister described ozempic to me and uh, forgive me, but it kinda seems like they managed to manufacture anorexia.",en,[],2024-08-27 16:28:19+00:00,Ozempic
1862281283012804740,Lefty Loading....,4_Ben_Media,Ozempic will pay for it's crimes against Lainey Wilson's ass ü§¨ü§¨ https://t.co/eaz8XZZv3b,en,[],2024-11-28 23:43:52+00:00,Ozempic
1861516221788647585,hasanabi,hasanthehun,progress update: 285-&gt;225lbs! https://t.co/fcvk4EXpDZ,en,[],2024-11-26 21:03:47+00:00,Ozempic
1861744571106873491,Samara Gill,dailysamara1,The Wizard of Ozempic https://t.co/JR0JzZBDWA,en,[],2024-11-27 12:11:09+00:00,Ozempic
1748112478980939816,Carnivore Aurelius ¬©ü•© ‚òÄÔ∏èü¶ô,AlpacaAurelius,"You don't need ozempic...

Just eat a steak.

Protein stimulates GLP-1, the same exact thing ozempic does.

Stop using a drug to compensate for your sh*tty diet. https://t.co/T9Zokt3WPi",en,[],2024-01-18 22:37:48+00:00,Ozempic
1812628329096216949,Chairman of #FeetFridays and #SolesSaturday,FlyoutChase,cant believe ozempic took this from us smh https://t.co/CFUrlik29x,en,[],2024-07-14 23:20:45+00:00,Ozempic
1861514691672944991,kira üëæ,kirawontmiss,Euphoria star Barbie Ferreira is trending after this insane transformationüëÄ https://t.co/BKMhYT1pXk,en,[],2024-11-26 20:57:42+00:00,Ozempic
1861296087643877721,‚òÜ,automaticprncss,need the celebrity strain of ozempic https://t.co/AQ1baYvECE,en,[],2024-11-26 06:29:03+00:00,Ozempic
1829369897735876972,Dr. Akhil üáÆüá≥,DrAkhilX,"üåü OZEMPIC FACIES 

People taking Ozempic (Semaglutide) may report the following facial features:

-increased signs of aging, such as more lines and wrinkles

-loss of facial fat, which can lead the skin to become loose and sag

-a hollowed-out appearance

https://t.co/P3rwePXiUy https://t.co/ZxEDT8tP0N",en,[],2024-08-30 04:05:46+00:00,Ozempic
1746611547793752118,ùöèùöäùöõùö°ùöíùö¢ùöò.,hausofriya,"My mom, a diabetic, can't access her Ozempic meds due to a global shortage because people are terrified of being fat &amp; would rather make themselves be permanently disabled to be thin. I hate this fuckin reality.",en,[],2024-01-14 19:13:38+00:00,Ozempic
1860459628863127969,Winnie Schola,WinnieSchola,"The Ozempic did wow on Lizzo ‚ù§Ô∏è

Before                            Now https://t.co/tI52NRnnY5",en,[],2024-11-23 23:05:15+00:00,Ozempic
1765011126503219695,Pop Crave,PopCrave,"Kate Winslet reacts to finding out what Ozempic is from The New York Times:

‚ÄúOh, my God. This sounds terrible. Let‚Äôs eat some more things!‚Äù https://t.co/fCsHpI51sf",en,[],2024-03-05 13:46:59+00:00,Ozempic
1862295328005005815,Brendan Fraser Crane,bf_crane,Ozempic is going to make the last decade of body positive media very funny. Like rats off a sinking ship,en,[],2024-11-29 00:39:40+00:00,Ozempic
1811521995009413575,the Rich,Duderichy,crazy how ozempic proved all the theories about why people are getting fat are wrong except people eat too much,en,[],2024-07-11 22:04:34+00:00,Ozempic
1660276576594939904,BuccoCapital Bloke,buccocapital,"Let‚Äôs all take Ozempic for literally everything 

What could go wrong? https://t.co/WefHD9nvJ8",en,[],2023-05-21 13:29:16+00:00,Ozempic
1801408096369058108,ROB CRAVE,ROBCRAVEE,fuck the ozempic discourse because you can tell by her legs that she's been working out!!! https://t.co/sZKcteuAvO,en,[],2024-06-14 00:15:33+00:00,Ozempic
1709931646257086952,PitchDeckGuy,BetterPitchGuy,"Ozempic causes users to lose ~15% of their body weight

Elon claims to be down 30 lbs from the drug

Here's Ozempic's pitch deck: https://t.co/XgrFAxnwDs",en,[],2023-10-05 14:00:48+00:00,Ozempic
1829494569047867747,akanchawa baddie üéÄ,Chidaluuu_,Ozempic allegations for a 23 yo is so funny. All you need to lose weight at that age is a stressful month. üò≠,en,[],2024-08-30 12:21:10+00:00,Ozempic
1857290963133337989,Brittany Hugoboom,BritHugoboom,The Wizard of OZempic https://t.co/JCISFqgwVR,en,[],2024-11-15 05:14:07+00:00,Ozempic
1784201756815036489,William Makis MD,MakisMD,"NEW ARTICLE: OZEMPIC's Serious Side Effects have people looking for ""Nature's Ozempic"" - What's the science behind BERBERINE as a weight loss supplement? And is it much more than that?

OZEMPIC is the FDA approved Diabetes drug that everyone is using for WEIGHT LOSS! 

But, it https://t.co/87hdMza1ik",en,['Ozempic'],2024-04-27 12:43:42+00:00,Ozempic
1805325077208089080,journalist jawn,dirtywhiteups,"These two photos of Busta Rhymes are 20 days apart.

Ozempic: 0
Oxtail: 1 https://t.co/zctjoh30hK",en,[],2024-06-24 19:40:14+00:00,Ozempic
1783512268849742197,Richard Cooper,Rich_Cooper,"Ozempic, because moving more and eating better, is too much work for fat women that want to make their ex jealous. https://t.co/rVT5VZqj4w",en,[],2024-04-25 15:03:55+00:00,Ozempic
1859995958664462395,Pop Crave,PopCrave,Lizzo stuns in new photo. https://t.co/TW8g9e7MjO,en,[],2024-11-22 16:22:48+00:00,Ozempic
1770888084919398847,Daniel,growing_daniel,God sent us ozempic and it‚Äôs going to solve every problem this country has https://t.co/uOcP8c18mQ,en,[],2024-03-21 18:59:55+00:00,Ozempic
1743425475979182366,Detty,0ddette,Preparing for Ozempic World by training on the ancient texts üîç https://t.co/CG1HBiEpgl,en,[],2024-01-06 00:13:19+00:00,Ozempic
1830747275884220601,Catalina,cataquesadilla,"ozempic butt ozempic face what about estoy comoda en mi cuerpo 
abril 2023 / agosto 2024 https://t.co/ERjfEV5zMl",en,[],2024-09-02 23:18:58+00:00,Ozempic
1859015335011336292,Poetik Flakko,FlakkoPoetik,Video Of Ice Spice Performing On Stage Is Going Viral.üò≥ https://t.co/2APvZzTV0i,en,[],2024-11-19 23:26:09+00:00,Ozempic
1803790565865046451,Charlie Potatoes,TepidButterASMR,Ozempic is hitting the 0 viewers sitcom universe. https://t.co/BQeWp0gbut,en,[],2024-06-20 14:02:38+00:00,Ozempic
1753551818523541526,Tucker Carlson,TuckerCarlson,"Ep. 72  ""If a fish tank is dirty, you clean the tank. You don't drug the fish."" Calley Means makes the case against Ozempic. https://t.co/KYWjeJYJ47",en,[],2024-02-02 22:51:47+00:00,Ozempic
1850210896401887388,Pop Base,PopBase,Lizzo wearing an Ozempic costume for Halloween. https://t.co/WYjCLrDVIT,en,[],2024-10-26 16:20:27+00:00,Ozempic
1833872108213968924,ICYESTTWAT,FUCCl,Lindsay Lohan really went back in time and grabbed her old face. https://t.co/ShbOAzhaKx,en,[],2024-09-11 14:15:56+00:00,Ozempic
1830185686856503427,"Dr Zoe Harcombe, PhD",zoeharcombe,"I've never seen a drug pushed as much as Ozempic. 
Claims for weight, T2D, heart disease and now aging.
Meanwhile lawsuits continue for stomach paralysis, intestinal blockages, vision loss &amp; death.üò° https://t.co/2OlhgyBh2P",en,[],2024-09-01 10:07:25+00:00,Ozempic
1840577183258988622,Aaron ü©µ,ABeardedHero,Ozempic is not what a girl wants or what a girl needs https://t.co/UbOLt8JQXl,en,[],2024-09-30 02:19:31+00:00,Ozempic
1861400418976157717,nana,corpsegigi,hey so this is actually crazy https://t.co/RgYW7r1V3U,en,[],2024-11-26 13:23:37+00:00,Ozempic
1770209889752646062,ethan,ethanshumjr,"Ozempic is impressive and all but i‚Äôm not a fan of how it works which is basically just an appetite suppressant so it‚Äôs easier to eat less. i don‚Äôt wanna eat less, i want a pill that somehow absorbs the calories from the large pizza i just ate and gives them back to God!",en,[],2024-03-19 22:05:01+00:00,Ozempic
1861084654314623305,Oli London,OliLondonTV,"Lizzo appears unrecognizable as she continues to show off the results of her dramatic weight loss. 

The singer has denied Ozempic rumors and instead credits her new look to a tough workout routine and healthy eating. https://t.co/psbJ8WjzKE",en,[],2024-11-25 16:28:53+00:00,Ozempic
1812572855789326567,djamba vencida,brusnos,backyardigans depois do ozempic https://t.co/M0j8U73FgZ,en,[],2024-07-14 19:40:19+00:00,Ozempic
1850209214297244102,Pop Crave,PopCrave,Lizzo dresses as Ozempic for Halloween. https://t.co/AWoF7io9bI,en,[],2024-10-26 16:13:46+00:00,Ozempic
1861417796745195693,Kai,kaiyabunga,Your tax dollars being used on covering weight loss medications. Obesity is a choice. They should pay their own for Ozempic https://t.co/K7rzPRQ4G2,en,[],2024-11-26 14:32:40+00:00,Ozempic
1758321783281795107,The Cosmetic Lane,TheCosmeticLane,Well damn‚Ä¶ Kelly Osbourne did not hold back her thoughts on Ozempic https://t.co/vkdUSaXCqw,en,[],2024-02-16 02:45:55+00:00,Ozempic
1861447191115501753,HANCOCK,HANCXCK,who put viktor on ozempic https://t.co/LJrNb4051s,en,[],2024-11-26 16:29:29+00:00,Ozempic
1851648569574629862,tabitha,thetolerantweft,"going on ozempic, not to lose weight, but because the inevitable class action lawsuit is gonna pay out like crazy",en,[],2024-10-30 15:33:15+00:00,Ozempic
1850231238751334711,Trung Phan,TrungTPhan,"When South Park did that episode making fun of Ozempic, they created a ‚Äú90% cheaper‚Äù weight loss drug called Lizzo (poking fun at the singer).

The actual Lizzo just turned that joke into her Halloween costume this year. 10/10. No notes. https://t.co/zTmhr0WS2g",en,[],2024-10-26 17:41:17+00:00,Ozempic
1857450266611593353,Dark Hegel‚Ñ¢Ô∏è,Dialectiks,Ozempic skinny just doesn‚Äôt hit the same as starving skinny  https://t.co/tCbr1NTPvK,en,[],2024-11-15 15:47:07+00:00,Ozempic
1822109344269304115,kyokoüå≤,hope_indecay,they need to make ozempic available to all 20-55yr old women &amp; we could turn this whole election around https://t.co/jc199Jqss1,en,[],2024-08-10 03:14:55+00:00,Ozempic
1861821063505576310,Bored Panda,boredpanda,"‚ÄòEuphoria‚Äô star Barbie Ferreira looks ‚Äúunrecognizable‚Äù after weight loss, sparks Ozempic rumors https://t.co/nd3PPBo2uo",en,[],2024-11-27 17:15:07+00:00,Ozempic
1677744048486883329,actually it‚Äôs good,yungchomsky,this ozempic got me feeling like Jared!! https://t.co/4FItGeao8h,en,[],2023-07-08 18:18:46+00:00,Ozempic
1778126068915802464,Kristi Yamaguccimane,TheWapplehouse,I hate what Ozempic did to Eddie Murphy üò≠ https://t.co/R1tZPDGh6n,en,[],2024-04-10 18:21:05+00:00,Ozempic
1801270312501186715,aimee,basic_chanel,Chanel + Ozempic = https://t.co/dYa4jzubYY,en,[],2024-06-13 15:08:03+00:00,Ozempic
1852449264309571928,The Hollywood Handle,HollywoodHandle,"New look at ‚ÄòMUFASA: THE LION KING‚Äô

(Via: @USATODAY) https://t.co/mXxJ12zVkO",en,[],2024-11-01 20:34:56+00:00,Ozempic
1822637164846264391,Men's Humor,MensHumor,I will never forgive you Ozempic! https://t.co/AHvFULscov,en,[],2024-08-11 14:12:17+00:00,Ozempic
1792376418619297884,Vision4theBlind,Vision4theBlind,"Christina Aguilera before and after

That Ozempic is no joke https://t.co/jvwT7XoaGf",en,[],2024-05-20 02:06:53+00:00,Ozempic
1846897990809592102,Kam,RoamingKam,"same bathroom, same girl, different mentality. https://t.co/1zmX5Hf8yI",en,[],2024-10-17 12:56:09+00:00,Ozempic
1768795704565145644,Martin Luther Scheme,MrAviator1906,Ozempic is DARK magic https://t.co/B4VPsvuI6d,en,[],2024-03-16 00:25:33+00:00,Ozempic
1859159050677600426,Libs of Bluesky,Libsofbluesky,They are calling for a boycott of all these: no way they are boycotting ozempic #bluesky https://t.co/BKqmXNchnt,en,['bluesky'],2024-11-20 08:57:13+00:00,Ozempic
1860100956941414557,Cynthia ‚ô•Ô∏è,cynwhii,did she eat the ozempic instead of injecting it ? https://t.co/vm5GG7x8Un,en,[],2024-11-22 23:20:01+00:00,Ozempic
1815566240079118635,Himbo Chuggs,Chrome_Bonehead,"Felt like drawing one of my Chuggs originals 

He needs to shave and get on ozempic /hj https://t.co/55hYSS8UI1",en,[],2024-07-23 01:54:57+00:00,Ozempic
1712853287656190190,Walter Kirn,walterkirn,"In a motel watching a morning show. I rarely do this. Hmm. Last food preparation segment was sponsored by Ozempic. Audience wearing matching yellow masks, which, when combined with the prompted rounds of applause, makes for a disconcerting  image https://t.co/ZZvKe8NcUJ",en,[],2023-10-13 15:30:21+00:00,Ozempic
1860605152995987497,IlluminatedRKMafia/Battinsonü¶á/Oscars Nominee KS‚ù§Ô∏è,StewbiesChanel,"All the celebrities now with the ozempic, with the same yassified operated face and meanwhile Kristen..... https://t.co/sALkaV0cU8",en,[],2024-11-24 08:43:31+00:00,Ozempic
1862010727453630514,Natasha Huckfield,dramadelinquent,"Started my Ozempic weight loss journey on the 4 September 2024. I went to my GP, we did blood tests and found out I am pre diabetic. I was so unhealthy and felt constantly tired. My sciatica was killing me on a daily basis and I struggled to sleep because of the pain. 

I weighed https://t.co/e3QyGa0ook",en,[],2024-11-28 05:48:46+00:00,Ozempic
1862710626574872649,"Avi Bitterman, MD",AviBittMD,"I'm thankful that GLP-1 medications like Ozempic and Mounjaro are taking off and we are finally seeing indications that the obesity rate in the US is decreasing rather than increasing.

Apparently people are mad about this for some bizarre reason. Sorry your diet cult/grift alone https://t.co/aliPAAKiSB",en,[],2024-11-30 04:09:55+00:00,Ozempic
1859330243372400893,Carlos Turnbull,cturnbull1968,"This is what happens when you mix Ozempic, Botox and Prozac with an abundance of low self esteem. https://t.co/feiA2MCEVi",en,[],2024-11-20 20:17:29+00:00,Ozempic
1847993438752444550,Robert F. Kennedy Jr,RobertKennedyJr,.@GregGutfeld asked me last night about Ozempic. Here's what I said. https://t.co/ejsTu7q0Vj,en,[],2024-10-20 13:29:04+00:00,Ozempic
1860706411790917680,diego,d1ego_777,That ozempic must be hitting like crack https://t.co/ClVKd8I9zU,en,[],2024-11-24 15:25:53+00:00,Ozempic
1712230021547307358,Andrew Lokenauth | TheFinanceNewsletter.com,FluentInFinance,"Ozempic weight loss drug is causing ripples in the stock market and food industry.

Companies such as General Mills, Coca-Cola, and Hershey are experiencing stock declines, and Walmart has reported changes in shopping demand due to these medications.

Ozempic works by reducing https://t.co/tzE05PcTf1",en,[],2023-10-11 22:13:43+00:00,Ozempic
1858902929354141886,Lindsay Lohan News,ArggLindsay,lindsay lohan really shined last night https://t.co/xIu00jJyQB,en,[],2024-11-19 15:59:29+00:00,Ozempic
1859096569007735271,Dana Beers,danabeers,Stronger than Ozempic https://t.co/PoKWpSziZ0,en,[],2024-11-20 04:48:57+00:00,Ozempic
1857857607211352105,Jon Elder | Amazon Growth | Private Label,BlackLabelAdvsr,Friend don‚Äôt let friends use Ozempic. https://t.co/HTNu6SDVUV,en,[],2024-11-16 18:45:45+00:00,Ozempic
1861789996769820844,Mic Feel da manager,micfeel__,Popeyes this ain‚Äôt no Turkey issa pigeon‚Ä¶ gimmie my money back üò≠üò≠üò≠ https://t.co/IN2Wpv15vu,en,[],2024-11-27 15:11:40+00:00,Ozempic
1838586350817169649,Quiver Quantitative,QuiverQuant,"Didn‚Äôt think I‚Äôd see this today.

Bernie Sanders just quoted Elon Musk at the Ozempic hearing: https://t.co/nGTE52koh5",en,[],2024-09-24 14:28:39+00:00,Ozempic
1842555448966197513,ALL FEMALE RAP,allfemalerap,That ozempic prescription canceled https://t.co/S8BEZcDmC8,en,[],2024-10-05 13:20:26+00:00,Ozempic
1837989657822277755,constans,constans,Ozempic has essentially revealed this to be false.,en,[],2024-09-22 22:57:37+00:00,Ozempic
1800542475549090266,Buzzing Pop,BuzzingPop,Christina Aguilera stuns in new photoshoot for Playground. https://t.co/lokkvk4R1F,en,[],2024-06-11 14:55:53+00:00,Ozempic
1862241467353215251,Eric B,Oflululemon,"ALLY SHAPIRO owes her relevance to #RHONY where JILL ZARIN aired her FOOD ADDICTION &amp; FAT CAMP storyline. Now she‚Äôs pushing OZEMPIC while dragging ROBERT JR. &amp; MARY CROSBY on #RHOSLC? 

Without #BRAVO, she wouldn‚Äôt even have a platform. 

The HYPOCRISY is LOUD. SIT DOWN, ALLY! https://t.co/lLjKq2boca",en,"['RHONY', 'RHOSLC', 'BRAVO']",2024-11-28 21:05:39+00:00,Ozempic
1862471426483396852,wallace,wallaceprower,OZEMPIC IS RUINING THIS COMMUNITY https://t.co/NDMBSWf78l,en,[],2024-11-29 12:19:25+00:00,Ozempic
1852460600435368087,Lizzie N,LizzyRevelation,"This is what Ozempic does to you!

Courtesy of Big Pharma and our Medical Society Associationsü§• 

Stop believing their lies! https://t.co/Z7ikKeieZv",en,[],2024-11-01 21:19:58+00:00,Ozempic
1861462267612803517,Link/Dirk üïØÔ∏è,4wheelpianocar,Was really confused about what they changed about Viktor‚Äôs past skins. Upon further inspection they just put him on ozempic. https://t.co/6zdjNR0EE5,en,[],2024-11-26 17:29:23+00:00,Ozempic
1857659861087240292,Libs of Bluesky,Libsofbluesky,"I really don't know what to say, someone tell me this isn't real. #Bluesky #ozempic #MakeAmericaHealthyAgain https://t.co/wj6XJW5SoU",en,"['Bluesky', 'ozempic', 'MakeAmericaHealthyAgain']",2024-11-16 05:39:59+00:00,Ozempic
1856693615596273791,LindyMan,PaulSkallas,"The issue with ozempic is it makes you feel artificially full all day. So you don't want to eat

But feeling slightly hungry all day is Lindy and our natural state. 

So once you get off you can't rely on feeling full and you overeat. 

You just have to get used to feeling hungry https://t.co/xgEgqEVWIS",en,[],2024-11-13 13:40:28+00:00,Ozempic
1859048803199783009,Indie 505,Indie5051,Lindsay Lohan anoche en NYC ‚ú® https://t.co/McXMEJmiTC,en,[],2024-11-20 01:39:08+00:00,Ozempic
1838332582288855141,loveandbones111,loveandbones111,"Remember that skinny white girl that came under fire for being on ozempic even tho she didn‚Äôt need it?? Well, she stopped taking ozempic üíÄright is recent https://t.co/gxU4rApiA3",en,[],2024-09-23 21:40:16+00:00,Ozempic
1740398088400076969,Peachy Keenan,KeenanPeachy,"As enticing as Ozempic sounds (effortless weight loss! Skinny at last!), I promise you that if you get one of these awful side effects you will wish to God you‚Äôd stayed fat. https://t.co/MbtikQ1HyI",en,[],2023-12-28 15:43:33+00:00,Ozempic
1710289890087186867,"Genevieve Roch-Decter, CFA",GRDecter,"Weight loss drug Ozempic causing selloff in candy and beer stocks, per Bloomberg.
¬†
Walmart said it‚Äôs already seeing an impact on shopping demand from people taking Ozempic.
¬†
That sent shares of food and beverage companies sliding, some to multiyear lows.
¬†
Crazy. https://t.co/2EGBMEFxXo",en,[],2023-10-06 13:44:20+00:00,Ozempic
1859371403902095468,RAW EGG NATIONALIST,Babygravy9,"We knew Ozempic use was linked to severe muscle loss, but now it looks like the ""wonder drug"" also causes heart muscle to shrink, which is seriously, seriously bad. https://t.co/gIGWAU12VP",en,[],2024-11-20 23:01:02+00:00,Ozempic
1829508584964845709,Toni,TMN3218,This weak ass video just shows it was definitely from ozempic.,en,[],2024-08-30 13:16:51+00:00,Ozempic
1813488808270393837,Dr. Syed Haider,DrSyedHaider,"Of course, obesity is an Ozempic deficiency after all, at least until Ozempic goes off patent.

The Daily Mail, brought to you by Pfizer. https://t.co/Up34ktbTzT",en,[],2024-07-17 08:19:59+00:00,Ozempic
1860269609456226406,ozempic peddler,vaykwash,maddie joining ambessa as soon as cait went back to vi ooo that messy ass lesbian #arcane #ArcaneSeason2 https://t.co/q4riG3macK,en,"['arcane', 'ArcaneSeason2']",2024-11-23 10:30:11+00:00,Ozempic
1861145227752292433,J.B.Hasenpheffer,mommapancakess,"@MattWallace888 Ozempic.

All of these Hollywood types are starting to look like a skeleton collective.üëáüëÄ https://t.co/1jwwPyFl35",en,[],2024-11-25 20:29:35+00:00,Ozempic
1774236723125297437,molson üß†‚öôÔ∏è,Molson_Hart,"Reasons to be Bullish on America:

1. Elon Musk
2. The American brand
3. Ozempic
4. The highest concentration of high-end human capital in the world
5. Artificial intelligence
6. Remains the premiere location for the ambitious to immigrate to
7. Silicon Valley &amp; Venture Capital https://t.co/AlPZ1r64ua",en,[],2024-03-31 00:46:13+00:00,Ozempic
1851270341319946505,Aaron Rupar,atrupar,"RFK Jr says diabetes can be ""cured with good food"" instead of Ozempic https://t.co/pfA7PTs9tE",en,[],2024-10-29 14:30:18+00:00,Ozempic
1846229524071305292,Pop Base,PopBase,"The UK‚Äôs Prime Minister is proposing giving free weight-loss drugs such as Ozempic to unemployed obese people in order to encourage them to work:

‚Äú[The drug is] very important for our NHS, because, yes we need more money for the NHS, but we've also got to think differently.‚Äù https://t.co/FQ9yb7iKaQ",en,[],2024-10-15 16:39:54+00:00,Ozempic
1857592635336032599,Dana Beers,danabeers,Stronger than Ozempic https://t.co/hXNqLvnJm1,en,[],2024-11-16 01:12:51+00:00,Ozempic
1861289524531274049,Spondiddled,TheOmniEdger,Ozempic saved this niggas life https://t.co/whPwVlET2F,en,[],2024-11-26 06:02:58+00:00,Ozempic
